user_id,line,date
7,"With effort, comes reward; goals are reached",2024-05-24 16:03
7,"Without peace, no rest; turmoil reigns constantly",2024-05-24 16:03
7,"With fire, comes renewal; ashes birth life",2024-05-24 16:03
7,"Without silence, no calm; noise overwhelms senses",2024-05-24 16:03
7,"With dreams, comes hope; futures take shape",2024-05-24 16:03
7,"Without darkness, no stars; light is meaningless",2024-05-24 16:03
7,"With kindness, comes connection; hearts unite firmly",2024-05-24 16:03
7,"Without faith, no strength; despair takes hold",2024-05-24 16:03
7,"With challenge, comes growth; resilience is born",2024-05-24 16:03
7,"Without purpose, no drive; motivation fades away",2024-05-24 16:03
7,"With unity, comes power; strength is multiplied",2024-05-24 16:03
7,"Without memory, no past; history is lost",2024-05-24 16:03
7,"With patience, comes clarity; vision becomes clear",2024-05-24 16:03
7,"Without friction, no spark; fire stays dormant",2024-05-24 16:03
7,"With empathy, comes understanding; bridges are built",2024-05-24 16:03
7,"Without pain, no empathy; compassion remains distant",2024-05-24 16:03
7,"With focus, comes achievement; dreams are realized",2024-05-24 16:03
7,"Without mystery, no wonder; curiosity fades away",2024-05-24 16:03
7,"With effort, comes skill; mastery is attained",2024-05-24 16:03
7,"Without loss, no appreciation; value is forgotten",2024-05-24 16:03
7,"With love, comes sacrifice; hearts give fully",2024-05-24 16:03
7,"Without wind, no flight; birds stay grounded",2024-05-24 16:03
7,"With faith, comes courage; hearts beat boldly",2024-05-24 16:03
7,"Without ink, no letters; words stay silent",2024-05-24 16:03
7,"With unity, comes harmony; voices blend beautifully",2024-05-24 16:03
7,"Without friction, no heat; cold persists eternally",2024-05-24 16:03
7,"With light, comes vision; eyes see clearly",2024-05-24 16:03
7,"Without roots, no stability; winds uproot life",2024-05-24 16:03
7,"With touch, comes warmth; hearts connect deeply",2024-05-24 16:03
7,"Without effort, no creation; ideas remain thoughts",2024-05-24 16:03
7,"With patience, comes serenity; peace takes hold",2024-05-24 16:03
7,"Without challenge, no triumph; glory remains elusive",2024-05-24 16:03
7,"With kindness, comes warmth; hearts grow closer",2024-05-24 16:03
7,"Without curiosity, no discovery; knowledge stays hidden",2024-05-24 16:03
7,"With sunlight, comes clarity; shadows disappear instantly",2024-05-24 16:03
7,"Without freedom, no flight; wings remain clipped",2024-05-24 16:03
7,"With whisper, comes secret; trust is built",2024-05-24 16:03
7,"Without love, no sacrifice; bonds feel shallow",2024-05-24 16:03
7,"With struggle, comes victory; strength emerges victorious",2024-05-24 16:03
7,"Without time, no healing; wounds remain open",2024-05-24 16:03
7,"With silence, comes peace; chaos dissolves completely",2024-05-24 16:03
7,"Without pain, no empathy; hearts stay distant",2024-05-24 16:03
7,"With effort, comes reward; satisfaction feels earned",2024-05-24 16:03
7,"Without moon, no tides; oceans rest calmly",2024-05-24 16:03
7,"With truth, comes trust; bonds grow strong",2024-05-24 16:03
7,"Without mistakes, no learning; wisdom remains untapped",2024-05-24 16:03
7,"With harmony, comes melody; music breathes life",2024-05-24 16:03
7,"Without risk, no reward; courage remains hidden",2024-05-24 16:03
7,"With hope, comes light; darkness fades away",2024-05-24 16:03
7,"Without fire, no forge; metals stay weak",2024-05-24 16:03
7,"With stars, comes guidance; travelers find paths",2024-05-24 16:03
7,"Without sound, no music; silence reigns supreme",2024-05-24 16:03
7,"With joy, comes laughter; spirits lift high",2024-05-24 16:03
7,"Without wood, no fire; warmth fades fast",2024-05-24 16:03
7,"With rainbows, comes magic; skies light up",2024-05-24 16:03
7,"Without dreams, no future; paths stay blocked",2024-05-24 16:03
7,"With courage, comes adventure; hearts explore wildly",2024-05-24 16:03
7,"Without roots, no stability; trees topple quickly",2024-05-24 16:03
7,"With touch, comes connection; souls intertwine deeply",2024-05-24 16:03
7,"Without effort, no creation; ideas remain thoughts",2024-05-24 16:03
7,"With patience, comes calm; storms subside",2024-05-24 16:03
7,"Without challenge, no triumph; glory remains elusive",2024-05-24 16:03
7,"With kindness, comes warmth; hearts grow closer",2024-05-24 16:03
7,"Without curiosity, no discovery; knowledge stays hidden",2024-05-24 16:03
7,"With sunlight, comes clarity; shadows disappear instantly",2024-05-24 16:03
7,"Without freedom, no flight; wings remain clipped",2024-05-24 16:03
7,"With whisper, comes secret; trust is built",2024-05-24 16:03
7,"Without love, no sacrifice; bonds feel shallow",2024-05-24 16:03
7,"With struggle, comes victory; strength emerges victorious",2024-05-24 16:03
7,"Without time, no healing; wounds remain open",2024-05-24 16:03
7,"With silence, comes peace; chaos dissolves completely",2024-05-24 16:03
7,"Without pain, no empathy; hearts stay distant",2024-05-24 16:03
7,"With effort, comes reward; satisfaction feels earned",2024-05-24 16:03
7,"Without moon, no tides; oceans rest calmly",2024-05-24 16:03
7,"With truth, comes trust; bonds grow strong",2024-05-24 16:03
7,"Without mistakes, no learning; wisdom remains untapped",2024-05-24 16:03
7,"With harmony, comes melody; music breathes life",2024-05-24 16:03
7,"Without risk, no reward; courage remains hidden",2024-05-24 16:03
7,"With hope, comes light; darkness fades away",2024-05-24 16:03
7,"Without fire, no forge; metals stay weak",2024-05-24 16:03
7,"With stars, comes guidance; travelers find paths",2024-05-24 16:03
7,"Without questions, no answers; ignorance remains vast",2024-05-24 16:03
7,"With fire, comes warmth; coldness retreats swiftly",2024-05-24 16:03
7,"Without struggle, no strength; muscles remain weak",2024-05-24 16:03
7,"With hope, comes persistence; dreams live on",2024-05-24 16:03
7,"Without silence, no whispers; secrets stay hidden",2024-05-24 16:03
7,"With dreams, comes action; paths are paved",2024-05-24 16:03
7,"Without passion, no purpose; life feels empty",2024-05-24 16:03
7,"With laughter, comes joy; hearts feel light",2024-05-24 16:03
7,"Without tears, no comfort; sorrow lingers long",2024-05-24 16:03
7,"With patience, comes reward; efforts bear fruit",2024-05-24 16:03
